권역,권역명,철도운영기관명,노선명,순번,역명,위도,경도
01,수도권,공항철도주식회사,공항,1,서울역,37.55301784,126.9697643
01,수도권,공항철도주식회사,공항,2,공덕,37.54284055,126.9513301
01,수도권,공항철도주식회사,공항,3,홍대입구,37.55774103,126.9264939
01,수도권,공항철도주식회사,공항,4,디지털미디어시티,37.577355,126.898025
01,수도권,공항철도주식회사,공항,5,마곡나루,37.56581914,126.8276358
01,수도권,공항철도주식회사,공항,6,김포공항,37.56211652,126.8015442
01,수도권,공항철도주식회사,공항,7,계양,37.57160721,126.736023
01,수도권,공항철도주식회사,공항,8,검암,37.56915547,126.6735357
01,수도권,공항철도주식회사,공항,9,청라국제도시,37.556509,126.624725
01,수도권,공항철도주식회사,공항,10,영종,37.51209814,126.5242471
01,수도권,공항철도주식회사,공항,11,운서,37.49284463,126.4936619
01,수도권,공항철도주식회사,공항,12,공항화물청사,37.45902611,126.4774333
01,수도권,공항철도주식회사,공항,13,인천공항1터미널,37.44760672,126.4523433
01,수도권,공항철도주식회사,공항,14,인천공항2터미널,37.46866,126.433415
02,부산,부산김해경전철주식회사,부산김해경전철,1,사상(서부터미널),35.1623018,128.9859408
02,부산,부산김해경전철주식회사,부산김해경전철,2,괘법르네시떼(강변공원),35.1632616,128.9776836
02,부산,부산김해경전철주식회사,부산김해경전철,3,서부산유통지구(금호마을),35.16640204,128.9548881
02,부산,부산김해경전철주식회사,부산김해경전철,4,공항,35.171906,128.948586
02,부산,부산김해경전철주식회사,부산김해경전철,5,덕두,35.182001,128.954198
02,부산,부산김해경전철주식회사,부산김해경전철,6,등구,35.196143,128.963599
02,부산,부산김해경전철주식회사,부산김해경전철,7,대저,35.213066,128.960562
02,부산,부산김해경전철주식회사,부산김해경전철,8,평강,35.214105,128.950825
02,부산,부산김해경전철주식회사,부산김해경전철,9,대사,35.217657,128.938417
02,부산,부산김해경전철주식회사,부산김해경전철,10,불암,35.222162,128.927893
02,부산,부산김해경전철주식회사,부산김해경전철,11,지내,35.2275,128.923721
02,부산,부산김해경전철주식회사,부산김해경전철,12,김해대학(안동),35.22899,128.915612
02,부산,부산김해경전철주식회사,부산김해경전철,13,인제대(활천),35.228099,128.901736
02,부산,부산김해경전철주식회사,부산김해경전철,14,김해시청,35.227103,128.89041
02,부산,부산김해경전철주식회사,부산김해경전철,15,부원,35.22646624,128.8838997
02,부산,부산김해경전철주식회사,부산김해경전철,16,봉황(김해여객터미널),35.22726757,128.8743069
02,부산,부산김해경전철주식회사,부산김해경전철,17,수로왕릉(김해보건소),35.2328215,128.8721409
02,부산,부산김해경전철주식회사,부산김해경전철,18,박물관,35.24006467,128.8718628
02,부산,부산김해경전철주식회사,부산김해경전철,19,연지공원,35.24965763,128.8692908
02,부산,부산김해경전철주식회사,부산김해경전철,20,장신대(화정),35.25955642,128.8671142
02,부산,부산김해경전철주식회사,부산김해경전철,21,가야대(삼계),35.26672721,128.8650703
02,부산,부산교통공사,1호선,1,다대포해수욕장,35.048229,128.965919
02,부산,부산교통공사,1호선,2,다대포항,35.057288,128.971151
02,부산,부산교통공사,1호선,3,낫개,35.065179,128.979702
02,부산,부산교통공사,1호선,4,신장림,35.074222,128.976538
02,부산,부산교통공사,1호선,5,장림,35.081555,128.9773083
02,부산,부산교통공사,1호선,6,동매,35.089819,128.974029
02,부산,부산교통공사,1호선,7,신평,35.09556,128.96056
02,부산,부산교통공사,1호선,8,하단(부산본병원),35.10611,128.96667
02,부산,부산교통공사,1호선,9,당리(사하구청),35.10333,128.97417
02,부산,부산교통공사,1호선,10,사하,35.09972,128.98333
02,부산,부산교통공사,1호선,11,괴정,35.1,128.9925
02,부산,부산교통공사,1호선,12,대티(동주대학),35.10306,128.99972
02,부산,부산교통공사,1호선,13,서대신,35.11083,129.01194
02,부산,부산교통공사,1호선,14,동대신,35.11056,129.01757
02,부산,부산교통공사,1호선,15,토성,35.10083,129.01972
02,부산,부산교통공사,1호선,16,자갈치,35.0975,129.02694
02,부산,부산교통공사,1호선,17,남포,35.09778,129.03472
02,부산,부산교통공사,1호선,18,중앙,35.10389,129.03639
02,부산,부산교통공사,1호선,19,부산,35.11528,129.03972
02,부산,부산교통공사,1호선,20,초량,35.12111,129.04296
02,부산,부산교통공사,1호선,21,부산진,35.12778,129.04778
02,부산,부산교통공사,1호선,22,좌천,35.13417,129.05417
02,부산,부산교통공사,1호선,23,범일,35.14139,129.05944
02,부산,부산교통공사,1호선,24,범내골,35.14722,129.05917
02,부산,부산교통공사,1호선,25,서면,35.15778,129.05917
02,부산,부산교통공사,1호선,26,부전(부산시민공원.송상현광장),35.1625,129.06278
02,부산,부산교통공사,1호선,27,양정,35.17304,129.07119
02,부산,부산교통공사,1호선,28,시청(연제),35.17972,129.07667
02,부산,부산교통공사,1호선,29,연산,35.18611,129.08167
02,부산,부산교통공사,1호선,30,교대,35.19583,129.08
02,부산,부산교통공사,1호선,31,동래,35.20556,129.078461
02,부산,부산교통공사,1호선,32,명륜,35.21222,129.07944
02,부산,부산교통공사,1호선,33,온천장,35.22056,129.08667
02,부산,부산교통공사,1호선,34,부산대,35.23,129.08944
02,부산,부산교통공사,1호선,35,장전(부산가톨릭대학교),35.23806,129.08806
02,부산,부산교통공사,1호선,36,구서,35.24722,129.09139
02,부산,부산교통공사,1호선,37,두실,35.25694,129.09139
02,부산,부산교통공사,1호선,38,남산(부산외국대학교),35.26528,129.0925
02,부산,부산교통공사,1호선,39,범어사,35.27333,129.09268
02,부산,부산교통공사,1호선,40,노포(종합버스터미널),35.28361,129.095
02,부산,부산교통공사,2호선,1,장산(해운대백병원),35.17,129.17694
02,부산,부산교통공사,2호선,2,중동,35.16669,129.16887
02,부산,부산교통공사,2호선,3,해운대,35.163518,129.158584
02,부산,부산교통공사,2호선,4,동백,35.16147,129.147887
02,부산,부산교통공사,2호선,5,벡스코(시립미술관),35.16911,129.138431
02,부산,부산교통공사,2호선,6,센텀시티(BEXCO.신세계),35.16892,129.131764
02,부산,부산교통공사,2호선,7,민락,35.16722,129.121878
02,부산,부산교통공사,2호선,8,수영,35.16578,129.114842
02,부산,부산교통공사,2호선,9,광안,35.15792,129.113197
02,부산,부산교통공사,2호선,10,금련산,35.14989,129.111008
02,부산,부산교통공사,2호선,11,남천(KBS.수영구청),35.14217,129.10797
02,부산,부산교통공사,2호선,12,경성대.부경대(동명대학교),35.13757,129.10055
02,부산,부산교통공사,2호선,13,대연(고려병원),35.13512,129.09218
02,부산,부산교통공사,2호선,14,못골(남구청),35.13472,129.08442
02,부산,부산교통공사,2호선,15,지게골,35.13558,129.07436
02,부산,부산교통공사,2호선,16,문현,35.13911,129.06736
02,부산,부산교통공사,2호선,17,국제금융센터.부산은행,35.14583,129.06672
02,부산,부산교통공사,2호선,18,전포,35.15311,129.06533
02,부산,부산교통공사,2호선,19,서면,35.15768,129.058517
02,부산,부산교통공사,2호선,20,부암(온종합병원),35.15744,129.05019
02,부산,부산교통공사,2호선,21,가야,35.15589,129.04283
02,부산,부산교통공사,2호선,22,동의대,35.15411,129.0325
02,부산,부산교통공사,2호선,23,개금,35.15325,129.02056
02,부산,부산교통공사,2호선,24,냉정,35.15125,129.01228
02,부산,부산교통공사,2호선,25,주례,35.1505,129.00306
02,부산,부산교통공사,2호선,26,감전(사상구청),35.15553,128.99114
02,부산,부산교통공사,2호선,27,사상(서부터미널),35.16218,128.98467
02,부산,부산교통공사,2호선,28,덕포,35.17378,128.98394
02,부산,부산교통공사,2호선,29,모덕,35.18036,128.98561
02,부산,부산교통공사,2호선,30,모라,35.18967,128.98864
02,부산,부산교통공사,2호선,31,구남,35.19681,128.99492
02,부산,부산교통공사,2호선,32,구명,35.20253,128.99931
02,부산,부산교통공사,2호선,33,덕천(부산과기대),35.21011,129.00533
02,부산,부산교통공사,2호선,34,수정(방송통신대),35.22336,129.00922
02,부산,부산교통공사,2호선,35,화명,35.23585,129.01387
02,부산,부산교통공사,2호선,36,율리,35.24672,129.01292
02,부산,부산교통공사,2호선,37,동원,35.25864,129.01242
02,부산,부산교통공사,2호선,38,금곡,35.26733,129.01686
02,부산,부산교통공사,2호선,39,호포,35.281,129.017525
02,부산,부산교통공사,2호선,40,증산,35.30828,129.01028
02,부산,부산교통공사,2호선,41,부산대양산캠퍼스,35.31697,129.01383
02,부산,부산교통공사,2호선,42,남양산(범어),35.32533,129.01942
02,부산,부산교통공사,2호선,43,양산(시청.동원과학기술대학교),35.33851,129.02643
02,부산,부산교통공사,3호선,1,수영,35.16775,129.11458
02,부산,부산교통공사,3호선,2,망미(병무청),35.17153,129.10822
02,부산,부산교통공사,3호선,3,배산,35.1735,129.0955
02,부산,부산교통공사,3호선,4,물만골,35.17681,129.08575
02,부산,부산교통공사,3호선,5,연산,35.18614,129.08147
02,부산,부산교통공사,3호선,6,거제(법원.검찰청),35.18858,129.07394
02,부산,부산교통공사,3호선,7,종합운동장,35.19125,129.0675
02,부산,부산교통공사,3호선,8,사직,35.199,129.065
02,부산,부산교통공사,3호선,9,미남,35.2055,129.06806
02,부산,부산교통공사,3호선,10,만덕,35.213,129.0365
02,부산,부산교통공사,3호선,11,남산정(부산폴리텍대학),35.21333,129.02392
02,부산,부산교통공사,3호선,12,숙등(부민병원),35.21197,129.01275
02,부산,부산교통공사,3호선,13,덕천(부산과기대),35.210139,129.005545
02,부산,부산교통공사,3호선,14,구포,35.20644,128.99631
02,부산,부산교통공사,3호선,15,강서구청,35.21125,128.98175
02,부산,부산교통공사,3호선,16,체육공원,35.21261,128.96894
02,부산,부산교통공사,3호선,17,대저,35.21343,128.96074
02,부산,부산교통공사,4호선,1,미남,35.20643,129.06868
02,부산,부산교통공사,4호선,2,동래,35.20466,129.07741
02,부산,부산교통공사,4호선,3,수안,35.20183,129.08378
02,부산,부산교통공사,4호선,4,낙민,35.20025,129.09078
02,부산,부산교통공사,4호선,5,충렬사(안락),35.19986,129.09764
02,부산,부산교통공사,4호선,6,명장,35.20503,129.10161
02,부산,부산교통공사,4호선,7,서동,35.21331,129.10769
02,부산,부산교통공사,4호선,8,금사,35.21583,129.11517
02,부산,부산교통공사,4호선,9,반여농산물시장,35.21778,129.12397
02,부산,부산교통공사,4호선,10,석대,35.21825,129.13717
02,부산,부산교통공사,4호선,11,영산대(아랫반송),35.22578,129.14617
02,부산,부산교통공사,4호선,12,윗반송,35.2325,129.15403
02,부산,부산교통공사,4호선,13,고촌,35.23603,129.1605
02,부산,부산교통공사,4호선,14,안평(고촌주택단지),35.23733,129.17183
03,대구,대구교통공사,1호선,1,설화명곡,35.7986179,128.4893927
03,대구,대구교통공사,1호선,2,화원,35.804349,128.500409
03,대구,대구교통공사,1호선,3,대곡(정부대구청사),35.809571,128.51257
03,대구,대구교통공사,1호선,4,진천,35.813815,128.522374
03,대구,대구교통공사,1호선,5,월배,35.816123,128.530119
03,대구,대구교통공사,1호선,6,상인,35.8188583,128.5375588
03,대구,대구교통공사,1호선,7,월촌,35.823695,128.545465
03,대구,대구교통공사,1호선,8,송현,35.831092,128.551755
03,대구,대구교통공사,1호선,9,서부정류장(관문시장),35.8373375,128.5570702
03,대구,대구교통공사,1호선,10,대명,35.8392924,128.5652846
03,대구,대구교통공사,1호선,11,안지랑,35.8392,128.574
03,대구,대구교통공사,1호선,12,현충로,35.84072,128.58085
03,대구,대구교통공사,1호선,13,영대병원,35.8442516,128.5882407
03,대구,대구교통공사,1호선,14,교대,35.8510953,128.590643
03,대구,대구교통공사,1호선,15,명덕(2.28민주운동기념회관),35.857382,128.59088
03,대구,대구교통공사,1호선,16,반월당,35.86389,128.593312
03,대구,대구교통공사,1호선,17,중앙로,35.870873,128.593888
03,대구,대구교통공사,1호선,18,대구역,35.876379,128.596919
03,대구,대구교통공사,1호선,19,칠성시장,35.876159,128.604885
03,대구,대구교통공사,1호선,20,신천(경북대입구),35.874527,128.617244
03,대구,대구교통공사,1호선,21,동대구역,35.877626,128.627152
03,대구,대구교통공사,1호선,22,동구청(큰고개),35.884485,128.632295
03,대구,대구교통공사,1호선,23,아양교,35.887208,128.639572
03,대구,대구교통공사,1호선,24,동촌,35.886039,128.650455
03,대구,대구교통공사,1호선,25,해안,35.883765,128.659079
03,대구,대구교통공사,1호선,26,방촌,35.879929,128.669767
03,대구,대구교통공사,1호선,27,용계,35.876256,128.681414
03,대구,대구교통공사,1호선,28,율하,35.869751,128.692775
03,대구,대구교통공사,1호선,29,신기,35.866761,128.701724
03,대구,대구교통공사,1호선,30,반야월,35.865948,128.713663
03,대구,대구교통공사,1호선,31,각산,35.867852,128.723843
03,대구,대구교통공사,1호선,32,안심(혁신도시.첨복단지),35.8712,128.7338
03,대구,대구교통공사,1호선,33,대구한의대병원,35.8717089,128.7508237
03,대구,대구교통공사,1호선,34,부호,35.9002809,128.8031144
03,대구,대구교통공사,1호선,35,하양,35.9094258,128.8175403
03,대구,대구교통공사,2호선,1,문양,35.86414313,128.4370043
03,대구,대구교통공사,2호선,2,다사,35.86495301,128.4582876
03,대구,대구교통공사,2호선,3,대실,35.8573333,128.4656264
03,대구,대구교통공사,2호선,4,강창,35.8531116,128.4789997
03,대구,대구교통공사,2호선,5,계명대,35.85146491,128.491969
03,대구,대구교통공사,2호선,6,성서산업단지,35.8518236,128.5071662
03,대구,대구교통공사,2호선,7,이곡,35.85062003,128.5157686
03,대구,대구교통공사,2호선,8,용산(서부법원.검찰청입구),35.84912,128.5287686
03,대구,대구교통공사,2호선,9,죽전,35.8503505,128.537089
03,대구,대구교통공사,2호선,10,감삼,35.8543251,128.547905
03,대구,대구교통공사,2호선,11,두류,35.8572405,128.555509
03,대구,대구교통공사,2호선,12,내당,35.860194,128.564593
03,대구,대구교통공사,2호선,13,반고개,35.8623,128.572817
03,대구,대구교통공사,2호선,14,청라언덕,35.865,128.5823227
03,대구,대구교통공사,2호선,15,반월당,35.865592,128.593334
03,대구,대구교통공사,2호선,16,경대병원,35.863102,128.60316
03,대구,대구교통공사,2호선,17,대구은행,35.859868,128.613975
03,대구,대구교통공사,2호선,18,범어,35.8591,128.6257
03,대구,대구교통공사,2호선,19,수성구청(KBS),35.85874022,128.6359517
03,대구,대구교통공사,2호선,20,만촌,35.858841,128.644951
03,대구,대구교통공사,2호선,21,담티(산대.대륜),35.854841,128.654151
03,대구,대구교통공사,2호선,22,연호,35.8465,128.67185
03,대구,대구교통공사,2호선,23,수성알파시티(삼성라이온즈파크),35.842718,128.67999
03,대구,대구교통공사,2호선,24,고산,35.842955,128.69335
03,대구,대구교통공사,2호선,25,신매,35.8408,128.705
03,대구,대구교통공사,2호선,26,사월,35.837066,128.715173
03,대구,대구교통공사,2호선,27,정평,35.83407,128.728695
03,대구,대구교통공사,2호선,28,임당,35.834131,128.741076
03,대구,대구교통공사,2호선,29,영남대,35.836373,128.752966
03,대구,대구교통공사,3호선,1,칠곡경대병원,35.95838748,128.5598908
03,대구,대구교통공사,3호선,2,학정,35.95155512,128.5591934
03,대구,대구교통공사,3호선,3,팔거(국립농관원.통계청),35.94404716,128.5583366
03,대구,대구교통공사,3호선,4,동천,35.93770658,128.556683
03,대구,대구교통공사,3호선,5,칠곡운암,35.93145534,128.5545305
03,대구,대구교통공사,3호선,6,구암,35.92574223,128.5503415
03,대구,대구교통공사,3호선,7,태전,35.9196172,128.547388
03,대구,대구교통공사,3호선,8,매천,35.91265,128.5434
03,대구,대구교통공사,3호선,9,매천시장,35.90443,128.545755
03,대구,대구교통공사,3호선,10,팔달,35.89777,128.5468
03,대구,대구교통공사,3호선,11,공단,35.892,128.5536
03,대구,대구교통공사,3호선,12,만평,35.889893,128.561002
03,대구,대구교통공사,3호선,13,팔달시장,35.88883085,128.5678716
03,대구,대구교통공사,3호선,14,원대,35.887886,128.574392
03,대구,대구교통공사,3호선,15,북구청,35.88381395,128.5814483
03,대구,대구교통공사,3호선,16,달성공원,35.87573001,128.5821218
03,대구,대구교통공사,3호선,17,서문시장(동산병원),35.86966429,128.582241
03,대구,대구교통공사,3호선,18,청라언덕,35.86419437,128.5823758
03,대구,대구교통공사,3호선,19,남산,35.85668979,128.5834576
03,대구,대구교통공사,3호선,20,명덕(2.28민주운동기념회관),35.85694518,128.5900469
03,대구,대구교통공사,3호선,21,건들바위,35.85538252,128.5996903
03,대구,대구교통공사,3호선,22,대봉교,35.85499783,128.6063685
03,대구,대구교통공사,3호선,23,수성시장,35.85431676,128.6160292
03,대구,대구교통공사,3호선,24,수성구민운동장,35.85240979,128.6251246
03,대구,대구교통공사,3호선,25,어린이세상,35.84516989,128.6244677
03,대구,대구교통공사,3호선,26,황금,35.83907838,128.6239185
03,대구,대구교통공사,3호선,27,수성못(TBC),35.83135605,128.6232167
03,대구,대구교통공사,3호선,28,지산,35.82515322,128.6319513
03,대구,대구교통공사,3호선,29,범물,35.82083917,128.6401127
03,대구,대구교통공사,3호선,30,용지,35.8182678,128.6465345
05,대전,대전교통공사,1호선,1,판암(대전대),36.316896,127.458264
05,대전,대전교통공사,1호선,2,신흥,36.319652,127.448792
05,대전,대전교통공사,1호선,3,대동(우송대),36.329532,127.442848
05,대전,대전교통공사,1호선,4,대전,36.331583,127.433118
05,대전,대전교통공사,1호선,5,중앙로,36.328664,127.425842
05,대전,대전교통공사,1호선,6,중구청,36.324831,127.419627
05,대전,대전교통공사,1호선,7,서대전네거리,36.322416,127.412518
05,대전,대전교통공사,1호선,8,오룡,36.328582,127.405046
05,대전,대전교통공사,1호선,9,용문,36.338252,127.393317
05,대전,대전교통공사,1호선,10,탄방,36.34544,127.384603
05,대전,대전교통공사,1호선,11,시청,36.351673,127.386739
05,대전,대전교통공사,1호선,12,정부청사,36.357661,127.381047
05,대전,대전교통공사,1호선,13,갈마,36.357522,127.372632
05,대전,대전교통공사,1호선,14,월평(한국과학기술원),36.358272,127.364382
05,대전,대전교통공사,1호선,15,갑천,36.354578,127.354467
05,대전,대전교통공사,1호선,16,유성온천(충남대.목원대),36.353689,127.341524
05,대전,대전교통공사,1호선,17,구암,36.356605,127.33083
05,대전,대전교통공사,1호선,18,현충원(한밭대),36.359021,127.321525
05,대전,대전교통공사,1호선,19,월드컵경기장(노은도매시장),36.366825,127.317859
05,대전,대전교통공사,1호선,20,노은,36.37415,127.317835
05,대전,대전교통공사,1호선,21,지족(침신대),36.384106,127.319501
05,대전,대전교통공사,1호선,22,반석(칠성대),36.392128,127.314581
01,수도권,네오트랜스주식회사,신분당,1,신사,37.51612526,127.0197609
01,수도권,네오트랜스주식회사,신분당,2,논현,37.5108115,127.0213658
01,수도권,네오트랜스주식회사,신분당,3,신논현,37.50405543,127.0247306
01,수도권,네오트랜스주식회사,신분당,4,강남,37.49738544,127.0278789
01,수도권,네오트랜스주식회사,신분당,5,양재(서초구청),37.48445352,127.0340995
01,수도권,네오트랜스주식회사,신분당,6,양재시민의숲(매헌),37.47096388,127.0384203
01,수도권,네오트랜스주식회사,신분당,7,청계산입구,37.44871485,127.0543396
01,수도권,네오트랜스주식회사,신분당,8,판교(판교테크노밸리),37.39501475,127.1112107
01,수도권,네오트랜스주식회사,신분당,9,정자,37.36750101,127.1084859
01,수도권,네오트랜스주식회사,신분당,10,미금(분당서울대병원),37.35058332,127.1088028
01,수도권,네오트랜스주식회사,신분당,11,동천,37.33806841,127.1028937
01,수도권,네오트랜스주식회사,신분당,12,수지구청,37.32250096,127.0947781
01,수도권,네오트랜스주식회사,신분당,13,성복,37.31374251,127.0805758
01,수도권,네오트랜스주식회사,신분당,14,상현,37.29808526,127.0694799
01,수도권,네오트랜스주식회사,신분당,15,광교중앙(아주대),37.2884537,127.051609
01,수도권,네오트랜스주식회사,신분당,16,광교(경기대),37.30173474,127.0448561
01,수도권,용인경량전철주식회사,에버라인,1,기흥(백남준아트센터),37.27545288,127.1170465
01,수도권,용인경량전철주식회사,에버라인,2,강남대,37.27017073,127.1260669
01,수도권,용인경량전철주식회사,에버라인,3,지석,37.26973732,127.1363256
01,수도권,용인경량전철주식회사,에버라인,4,어정,37.27495132,127.1437499
01,수도권,용인경량전철주식회사,에버라인,5,동백,37.26910138,127.1526906
01,수도권,용인경량전철주식회사,에버라인,6,초당,37.26080647,127.1594692
01,수도권,용인경량전철주식회사,에버라인,7,삼가,37.24205993,127.16818
01,수도권,용인경량전철주식회사,에버라인,8,시청.용인대,37.23944203,127.1788851
01,수도권,용인경량전철주식회사,에버라인,9,명지대,37.23807629,127.1902913
01,수도권,용인경량전철주식회사,에버라인,10,김량장,37.23732377,127.1986109
01,수도권,용인경량전철주식회사,에버라인,11,운동장.송담대,37.2379113,127.2090526
01,수도권,용인경량전철주식회사,에버라인,12,고진,37.24463834,127.2141836
01,수도권,용인경량전철주식회사,에버라인,13,보평,37.25896427,127.2184808
01,수도권,용인경량전철주식회사,에버라인,14,둔전,37.26721222,127.2136387
01,수도권,용인경량전철주식회사,에버라인,15,전대.에버랜드,37.28541327,127.219509
04,광주,광주교통공사,1호선,1,녹동,35.107028,126.933932
04,광주,광주교통공사,1호선,2,소태,35.124108,126.932013
04,광주,광주교통공사,1호선,3,학동증심사입구,35.133023,126.928382
04,광주,광주교통공사,1호선,4,남광주,35.1389849,126.92318
04,광주,광주교통공사,1호선,5,문화전당,35.14661,126.92005
04,광주,광주교통공사,1호선,6,금남로4가,35.150976,126.914446
04,광주,광주교통공사,1호선,7,금남로5가,35.153658,126.910033
04,광주,광주교통공사,1호선,8,양동시장,35.154176,126.901089
04,광주,광주교통공사,1호선,9,돌고개,35.152047,126.895637
04,광주,광주교통공사,1호선,10,농성,35.153363,126.883973
04,광주,광주교통공사,1호선,11,화정,35.152085,126.876698
04,광주,광주교통공사,1호선,12,쌍촌,35.151793,126.869519
04,광주,광주교통공사,1호선,13,운천,35.150486,126.858694
04,광주,광주교통공사,1호선,14,상무,35.146784,126.848641
04,광주,광주교통공사,1호선,15,김대중컨벤션센터,35.143214,126.841442
04,광주,광주교통공사,1호선,16,공항,35.144179,126.81153
04,광주,광주교통공사,1호선,17,송정공원,35.143565,126.799245
04,광주,광주교통공사,1호선,18,광주송정역,35.137529,126.791488
04,광주,광주교통공사,1호선,19,도산,35.131713,126.787942
04,광주,광주교통공사,1호선,20,평동,35.1247,126.769586
01,수도권,김포골드라인운영주식회사,김포골드라인,1,양촌,37.641639,126.614694
01,수도권,김포골드라인운영주식회사,김포골드라인,2,구래,37.645354,126.6285
01,수도권,김포골드라인운영주식회사,김포골드라인,3,마산,37.640606,126.643944
01,수도권,김포골드라인운영주식회사,김포골드라인,4,장기,37.644028,126.669
01,수도권,김포골드라인운영주식회사,김포골드라인,5,운양,37.653861,126.683833
01,수도권,김포골드라인운영주식회사,김포골드라인,6,걸포북변,37.631639,126.70575
01,수도권,김포골드라인운영주식회사,김포골드라인,7,사우(김포시청),37.620361,126.719722
01,수도권,김포골드라인운영주식회사,김포골드라인,8,풍무,37.612333,126.732583
01,수도권,김포골드라인운영주식회사,김포골드라인,9,고촌,37.60125,126.770361
01,수도권,김포골드라인운영주식회사,김포골드라인,10,김포공항,37.562309,126.801833
01,수도권,구리도시공사,8호선,3,동구릉,37.610556,127.135056
01,수도권,구리도시공사,8호선,4,구리,37.60256,127.14073
01,수도권,구리도시공사,8호선,5,장자호수공원,37.587222,127.13793
01,수도권,지티엑스에이운영,GTX-A,4,수서,37.4875,127.101924
01,수도권,지티엑스에이운영,GTX-A,3,성남,37.394709,127.11949
01,수도권,지티엑스에이운영,GTX-A,2,구성,37.299013,127.105664
01,수도권,지티엑스에이운영,GTX-A,6,서울역,37.55585,126.972103
01,수도권,지티엑스에이운영,GTX-A,7,연신내,37.619295,126.920959
01,수도권,지티엑스에이운영,GTX-A,8,대곡,37.631629,126.810225
01,수도권,지티엑스에이운영,GTX-A,9,킨텍스,37.6651167,126.7481333
01,수도권,지티엑스에이운영,GTX-A,10,운정중앙,37.7161461,126.7282857
01,수도권,인천국제공항공사,자기부상,1,인천공항1터미널,37.44760672,126.4523433
01,수도권,인천국제공항공사,자기부상,2,장기주차장,37.44385,126.455671
01,수도권,인천국제공항공사,자기부상,3,합동청사,37.440519,126.458654
01,수도권,인천국제공항공사,자기부상,4,파라다이스시티,37.437217,126.459858
01,수도권,인천국제공항공사,자기부상,5,워터파크,37.429227,126.434183
01,수도권,인천국제공항공사,자기부상,6,용유,37.424805,126.423637
01,수도권,인천교통공사,7호선,43,까치울,37.506236,126.81095
01,수도권,인천교통공사,7호선,44,부천종합운동장,37.505381,126.79735
01,수도권,인천교통공사,7호선,45,춘의,37.50365,126.787069
01,수도권,인천교통공사,7호선,46,신중동,37.503081,126.776161
01,수도권,인천교통공사,7호선,47,부천시청,37.504611,126.763561
01,수도권,인천교통공사,7호선,48,상동,37.505769,126.753081
01,수도권,인천교통공사,7호선,49,삼산체육관,37.506431,126.742081
01,수도권,인천교통공사,7호선,50,굴포천,37.50695,126.731481
01,수도권,인천교통공사,7호선,51,부평구청,37.507523,126.721356
01,수도권,인천교통공사,7호선,52,산곡,37.508547,126.70351
01,수도권,인천교통공사,7호선,53,석남(거북시장),37.506208,126.676213
01,수도권,인천교통공사,인천1호선,11,계양,37.571539,126.736319
01,수도권,인천교통공사,인천1호선,12,귤현,37.566362,126.742498
01,수도권,인천교통공사,인천1호선,13,박촌,37.553525,126.744946
01,수도권,인천교통공사,인천1호선,14,임학,37.545058,126.738642
01,수도권,인천교통공사,인천1호선,15,계산,37.543243,126.728436
01,수도권,인천교통공사,인천1호선,16,경인교대입구,37.538272,126.722603
01,수도권,인천교통공사,인천1호선,17,작전,37.530271,126.722548
01,수도권,인천교통공사,인천1호선,18,갈산,37.517124,126.721566
01,수도권,인천교통공사,인천1호선,19,부평구청,37.508768,126.720547
01,수도권,인천교통공사,인천1호선,20,부평시장,37.498495,126.722282
01,수도권,인천교통공사,인천1호선,21,부평,37.490541,126.723437
01,수도권,인천교통공사,인천1호선,22,동수,37.485409,126.718464
01,수도권,인천교통공사,인천1호선,23,부평삼거리,37.478267,126.710494
01,수도권,인천교통공사,인천1호선,24,간석오거리,37.466921,126.707861
01,수도권,인천교통공사,인천1호선,25,인천시청,37.457615,126.702216
01,수도권,인천교통공사,인천1호선,26,예술회관,37.449334,126.700991
01,수도권,인천교통공사,인천1호선,27,인천터미널,37.441917,126.699727
01,수도권,인천교통공사,인천1호선,28,문학경기장,37.434964,126.698373
01,수도권,인천교통공사,인천1호선,29,선학,37.426985,126.698872
01,수도권,인천교통공사,인천1호선,30,신연수,37.418032,126.693853
01,수도권,인천교통공사,인천1호선,31,원인재,37.412364,126.687893
01,수도권,인천교통공사,인천1호선,32,동춘,37.404676,126.680835
01,수도권,인천교통공사,인천1호선,33,동막,37.398173,126.673561
01,수도권,인천교통공사,인천1호선,34,캠퍼스타운,37.388209,126.661985
01,수도권,인천교통공사,인천1호선,35,테크노파크,37.382311,126.656355
01,수도권,인천교통공사,인천1호선,36,지식정보단지,37.378021,126.645412
01,수도권,인천교통공사,인천1호선,37,인천대입구,37.386239,126.639351
01,수도권,인천교통공사,인천1호선,38,센트럴파크,37.392833,126.635002
01,수도권,인천교통공사,인천1호선,39,국제업무지구,37.400464,126.630094
01,수도권,인천교통공사,인천1호선,40,송도달빛축제공원,37.40687495,126.6260537
01,수도권,인천교통공사,인천2호선,1,검단오류,37.5950162,126.62801
01,수도권,인천교통공사,인천2호선,2,왕길,37.5950191,126.642284
01,수도권,인천교통공사,인천2호선,3,검단사거리,37.601693,126.656545
01,수도권,인천교통공사,인천2호선,4,마전,37.597756,126.667195
01,수도권,인천교통공사,인천2호선,5,완정,37.592867,126.672961
01,수도권,인천교통공사,인천2호선,6,독정,37.584927,126.675981
01,수도권,인천교통공사,인천2호선,7,검암,37.568611,126.675682
01,수도권,인천교통공사,인천2호선,8,검바위,37.561091,126.677529
01,수도권,인천교통공사,인천2호선,9,아시아드경기장,37.551373,126.677075
01,수도권,인천교통공사,인천2호선,10,서구청,37.543839,126.676795
01,수도권,인천교통공사,인천2호선,11,가정,37.524805,126.675387
01,수도권,인천교통공사,인천2호선,12,가정중앙시장,37.517511,126.676784
01,수도권,인천교통공사,인천2호선,13,석남,37.507211,126.676304
01,수도권,인천교통공사,인천2호선,14,서부여성회관,37.500298,126.675875
01,수도권,인천교통공사,인천2호선,15,인천가좌,37.489962,126.675284
01,수도권,인천교통공사,인천2호선,16,가재울,37.484152,126.683883
01,수도권,인천교통공사,인천2호선,17,주안국가산단,37.473599,126.681102
01,수도권,인천교통공사,인천2호선,18,주안,37.465234,126.679041
01,수도권,인천교통공사,인천2호선,19,시민공원,37.458339,126.6810091
01,수도권,인천교통공사,인천2호선,20,석바위시장,37.457659,126.692387
01,수도권,인천교통공사,인천2호선,21,인천시청,37.456904,126.701523
01,수도권,인천교통공사,인천2호선,22,석천사거리,37.4569323,126.710383
01,수도권,인천교통공사,인천2호선,23,모래내시장,37.455842,126.719578
01,수도권,인천교통공사,인천2호선,24,만수,37.454962,126.731764
01,수도권,인천교통공사,인천2호선,25,남동구청,37.448179,126.736581
01,수도권,인천교통공사,인천2호선,26,인천대공원,37.448475,126.753051
01,수도권,인천교통공사,인천2호선,27,운연,37.439533,126.759609
01,수도권,코레일,1호선,1,연천,38.100485,127.07368
01,수도권,코레일,1호선,2,전곡,38.024041,127.071913
01,수도권,코레일,1호선,3,청산,37.995138,127.074097
01,수도권,코레일,1호선,4,소요산,37.948608,127.061007
01,수도권,코레일,1호선,5,동두천,37.927569,127.054825
01,수도권,코레일,1호선,6,보산,37.914268,127.057134
01,수도권,코레일,1호선,7,동두천중앙,37.901818,127.056528
01,수도권,코레일,1호선,8,지행,37.892361,127.055734
01,수도권,코레일,1호선,9,덕정,37.843216,127.061511
01,수도권,코레일,1호선,10,덕계,37.818761,127.056676
01,수도권,코레일,1호선,11,양주,37.774281,127.044719
01,수도권,코레일,1호선,12,녹양,37.759416,127.042272
01,수도권,코레일,1호선,13,가능,37.748362,127.044251
01,수도권,코레일,1호선,14,의정부,37.73873,127.045891
01,수도권,코레일,1호선,15,회룡,37.724037,127.047319
01,수도권,코레일,1호선,16,망월사,37.710499,127.047361
01,수도권,코레일,1호선,17,도봉산,37.689603,127.046047
01,수도권,코레일,1호선,18,도봉,37.679441,127.045521
01,수도권,코레일,1호선,19,방학,37.667471,127.044295
01,수도권,코레일,1호선,20,창동,37.653181,127.047663
01,수도권,코레일,1호선,21,녹천,37.644599,127.051406
01,수도권,코레일,1호선,22,월계,37.633114,127.058835
01,수도권,코레일,1호선,23,광운대,37.623635,127.061975
01,수도권,코레일,1호선,24,석계,37.615206,127.065594
01,수도권,코레일,1호선,25,신이문,37.601829,127.067347
01,수도권,코레일,1호선,26,외대앞,37.596157,127.063572
01,수도권,코레일,1호선,27,회기,37.589602,127.057936
01,수도권,코레일,1호선,38,남영,37.540597,126.971171
01,수도권,코레일,1호선,39,용산,37.52989,126.964775
01,수도권,코레일,1호선,40,노량진,37.514072,126.941671
01,수도권,코레일,1호선,41,대방,37.513392,126.926407
01,수도권,코레일,1호선,42,신길,37.517018,126.917743
01,수도권,코레일,1호선,43,영등포,37.515756,126.907411
01,수도권,코레일,1호선,44,신도림,37.508983,126.891513
01,수도권,코레일,1호선,45,구로,37.503178,126.882037
01,수도권,코레일,1호선,46,가산디지털단지,37.481568,126.882628
01,수도권,코레일,1호선,46,구일,37.495973,126.869201
01,수도권,코레일,1호선,47,개봉,37.494698,126.858504
01,수도권,코레일,1호선,47,독산,37.465994,126.889508
01,수도권,코레일,1호선,48,금천구청,37.45576,126.894344
01,수도권,코레일,1호선,48,오류동,37.4944,126.844551
01,수도권,코레일,1호선,49,광명,37.415995,126.884523
01,수도권,코레일,1호선,49,석수,37.435161,126.902233
01,수도권,코레일,1호선,49,온수,37.492267,126.823399
01,수도권,코레일,1호선,50,관악,37.419578,126.908476
01,수도권,코레일,1호선,50,역곡,37.48514,126.811622
01,수도권,코레일,1호선,51,소사,37.482755,126.795654
01,수도권,코레일,1호선,51,안양,37.401929,126.922647
01,수도권,코레일,1호선,52,명학,37.384435,126.935579
01,수도권,코레일,1호선,52,부천,37.484066,126.782779
01,수도권,코레일,1호선,53,금정,37.371957,126.943411
01,수도권,코레일,1호선,53,중동,37.486664,126.764474
01,수도권,코레일,1호선,54,군포,37.353732,126.948517
01,수도권,코레일,1호선,54,송내,37.487626,126.753045
01,수도권,코레일,1호선,55,당정,37.34338,126.948388
01,수도권,코레일,1호선,55,부개,37.488479,126.740549
01,수도권,코레일,1호선,56,부평,37.489457,126.724584
01,수도권,코레일,1호선,56,의왕,37.320648,126.948099
01,수도권,코레일,1호선,57,백운,37.483301,126.707179
01,수도권,코레일,1호선,57,성균관대,37.300344,126.970861
01,수도권,코레일,1호선,58,동암,37.470835,126.703016
01,수도권,코레일,1호선,58,화서,37.28399,126.989581
01,수도권,코레일,1호선,59,간석,37.464689,126.693408
01,수도권,코레일,1호선,59,수원,37.266162,126.999821
01,수도권,코레일,1호선,60,세류,37.244102,127.013772
01,수도권,코레일,1호선,60,주안,37.465041,126.680702
01,수도권,코레일,1호선,61,도화,37.466154,126.66846
01,수도권,코레일,1호선,61,병점,37.206821,127.033268
01,수도권,코레일,1호선,62,서동탄,37.195675,127.051893
01,수도권,코레일,1호선,62,세마,37.187288,127.043279
01,수도권,코레일,1호선,62,제물포,37.466809,126.657165
01,수도권,코레일,1호선,63,도원,37.468604,126.642824
01,수도권,코레일,1호선,63,오산대,37.169401,127.063081
01,수도권,코레일,1호선,64,동인천,37.475414,126.632598
01,수도권,코레일,1호선,64,오산,37.145472,127.066708
01,수도권,코레일,1호선,65,인천,37.476364,126.616936
01,수도권,코레일,1호선,65,진위,37.109771,127.062342
01,수도권,코레일,1호선,66,송탄,37.075376,127.054397
01,수도권,코레일,1호선,67,서정리,37.056459,127.052844
01,수도권,코레일,1호선,68,평택지제,37.018822,127.070269
01,수도권,코레일,1호선,69,평택,36.990559,127.085496
01,수도권,코레일,1호선,70,성환,36.915781,127.127007
01,수도권,코레일,1호선,71,직산,36.870921,127.143774
01,수도권,코레일,1호선,72,두정,36.833791,127.148905
01,수도권,코레일,1호선,73,천안,36.810238,127.146417
01,수도권,코레일,1호선,74,봉명,36.801578,127.136319
01,수도권,코레일,1호선,75,쌍용(나사렛대),36.793745,127.121363
01,수도권,코레일,1호선,76,아산,36.792195,127.104384
01,수도권,코레일,1호선,77,탕정,36.788272,127.084446
01,수도권,코레일,1호선,78,배방,36.777541,127.052751
01,수도권,코레일,1호선,79,온양온천,36.780419,127.003707
01,수도권,코레일,1호선,80,신창(순천향대),36.769213,126.950129
01,수도권,코레일,3호선,1,대화,37.675883,126.747756
01,수도권,코레일,3호선,2,주엽,37.670138,126.761232
01,수도권,코레일,3호선,3,정발산,37.659709,126.773254
01,수도권,코레일,3호선,4,마두,37.652185,126.777641
01,수도권,코레일,3호선,5,백석,37.642973,126.788109
01,수도권,코레일,3호선,6,대곡,37.631629,126.811025
01,수도권,코레일,3호선,7,화정,37.634708,126.832503
01,수도권,코레일,3호선,8,원당,37.653103,126.842891
01,수도권,코레일,3호선,9,원흥,37.650709,126.873239
01,수도권,코레일,3호선,10,삼송,37.653096,126.895559
01,수도권,코레일,4호선,30,선바위,37.451854,127.002164
01,수도권,코레일,4호선,31,경마공원,37.443987,127.007899
01,수도권,코레일,4호선,32,대공원,37.435724,127.006474
01,수도권,코레일,4호선,33,과천,37.432805,126.996404
01,수도권,코레일,4호선,34,정부과천청사,37.426445,126.989802
01,수도권,코레일,4호선,35,인덕원,37.401901,126.976718
01,수도권,코레일,4호선,36,평촌,37.394346,126.963881
01,수도권,코레일,4호선,37,범계,37.389783,126.950752
01,수도권,코레일,4호선,38,금정,37.371957,126.943611
01,수도권,코레일,4호선,39,산본,37.358019,126.932969
01,수도권,코레일,4호선,40,수리산,37.350297,126.925537
01,수도권,코레일,4호선,41,대야미,37.328304,126.917161
01,수도권,코레일,4호선,42,반월,37.312244,126.903684
01,수도권,코레일,4호선,43,상록수,37.302845,126.866533
01,수도권,코레일,4호선,44,한대앞,37.309685,126.853656
01,수도권,코레일,4호선,45,중앙,37.316055,126.838532
01,수도권,코레일,4호선,46,고잔,37.316821,126.823094
01,수도권,코레일,4호선,47,초지,37.320583,126.806151
01,수도권,코레일,4호선,48,안산,37.327006,126.788748
01,수도권,코레일,4호선,49,신길온천,37.337488,126.767306
01,수도권,코레일,4호선,50,정왕,37.351816,126.742844
01,수도권,코레일,4호선,51,오이도,37.361773,126.738437
01,수도권,코레일,수인분당,1,청량리,37.580543,127.048077
01,수도권,코레일,수인분당,2,왕십리,37.5610128,127.038705
01,수도권,코레일,수인분당,3,서울숲,37.543647,127.044686
01,수도권,코레일,수인분당,4,압구정로데오,37.527385,127.040555
01,수도권,코레일,수인분당,5,강남구청,37.516572,127.041575
01,수도권,코레일,수인분당,6,선정릉,37.510775,127.043717
01,수도권,코레일,수인분당,7,선릉,37.504479,127.048941
01,수도권,코레일,수인분당,8,한티,37.496208,127.052883
01,수도권,코레일,수인분당,9,도곡,37.490914,127.055393
01,수도권,코레일,수인분당,10,구룡,37.486985,127.059496
01,수도권,코레일,수인분당,11,개포동,37.489112,127.066027
01,수도권,코레일,수인분당,12,대모산입구,37.491347,127.072702
01,수도권,코레일,수인분당,13,수서,37.487633,127.101118
01,수도권,코레일,수인분당,14,복정(동서울대학),37.469753,127.126627
01,수도권,코레일,수인분당,15,가천대,37.448784,127.126677
01,수도권,코레일,수인분당,16,태평,37.439842,127.127746
01,수도권,코레일,수인분당,17,모란,37.432124,127.129064
01,수도권,코레일,수인분당,18,야탑,37.41132,127.128661
01,수도권,코레일,수인분당,19,이매(성남아트센터),37.395846,127.128272
01,수도권,코레일,수인분당,20,서현,37.384931,127.123249
01,수도권,코레일,수인분당,21,수내(한국잡월드),37.378435,127.114216
01,수도권,코레일,수인분당,22,정자,37.366037,127.108091
01,수도권,코레일,수인분당,23,미금(분당서울대병원),37.350078,127.108952
01,수도권,코레일,수인분당,24,오리,37.339832,127.108985
01,수도권,코레일,수인분당,25,죽전(단국대),37.324575,127.107385
01,수도권,코레일,수인분당,26,보정,37.31274,127.108219
01,수도권,코레일,수인분당,27,구성,37.299013,127.105664
01,수도권,코레일,수인분당,28,신갈,37.286127,127.111311
01,수도권,코레일,수인분당,29,기흥(백남준아트센터),37.275657,127.115944
01,수도권,코레일,수인분당,30,상갈(루터대학교),37.261797,127.108718
01,수도권,코레일,수인분당,31,청명,37.259485,127.078945
01,수도권,코레일,수인분당,32,영통(경희대),37.251521,127.071341
01,수도권,코레일,수인분당,33,망포,37.245793,127.057367
01,수도권,코레일,수인분당,34,매탄권선,37.252458,127.040824
01,수도권,코레일,수인분당,35,수원시청(경기도문화의전당),37.261941,127.030736
01,수도권,코레일,수인분당,36,매교,37.265502,127.015657
01,수도권,코레일,수인분당,37,수원,37.266162,127.000082
01,수도권,코레일,수인분당,38,고색,37.249829,126.9805899
01,수도권,코레일,수인분당,39,오목천,37.243011,126.9636354
01,수도권,코레일,수인분당,40,어천,37.250076,126.908805
01,수도권,코레일,수인분당,41,야목,37.261211,126.884029
01,수도권,코레일,수인분당,42,사리,37.290809,126.857172
01,수도권,코레일,수인분당,43,한대앞,37.309985,126.853506
01,수도권,코레일,수인분당,44,중앙,37.316055,126.838532
01,수도권,코레일,수인분당,45,고잔,37.316821,126.823094
01,수도권,코레일,수인분당,46,초지,37.320583,126.806151
01,수도권,코레일,수인분당,47,안산,37.327006,126.788748
01,수도권,코레일,수인분당,48,신길온천,37.337488,126.767306
01,수도권,코레일,수인분당,49,정왕,37.351816,126.742844
01,수도권,코레일,수인분당,50,오이도,37.361773,126.738437
01,수도권,코레일,수인분당,51,달월,37.379993,126.745431
01,수도권,코레일,수인분당,52,월곶,37.39189,126.742741
01,수도권,코레일,수인분당,53,소래포구,37.400963,126.733533
01,수도권,코레일,수인분당,54,인천논현,37.400641,126.722495
01,수도권,코레일,수인분당,55,호구포,37.401622,126.708682
01,수도권,코레일,수인분당,56,남동인더스파크,37.407668,126.695613
01,수도권,코레일,수인분당,57,원인재,37.412921,126.686952
01,수도권,코레일,수인분당,58,연수,37.417769,126.678991
01,수도권,코레일,수인분당,59,송도,37.429714,126.654486
01,수도권,코레일,수인분당,60,인하대,37.448191,126.649832
01,수도권,코레일,수인분당,61,숭의(인하대병원),37.460891,126.638035
01,수도권,코레일,수인분당,62,신포,37.468442,126.624509
01,수도권,코레일,수인분당,63,인천,37.476364,126.6174236
01,수도권,코레일,경춘,1,청량리,37.580543,127.048077
01,수도권,코레일,경춘,2,회기,37.589602,127.057936
01,수도권,코레일,경춘,3,중랑,37.594948,127.076152
01,수도권,코레일,경춘,4,상봉,37.595254,127.085853
01,수도권,코레일,경춘,5,광운대,37.623635,127.061975
01,수도권,코레일,경춘,5,망우,37.599988,127.092031
01,수도권,코레일,경춘,6,신내,37.612855,127.103277
01,수도권,코레일,경춘,7,갈매,37.634135,127.114803
01,수도권,코레일,경춘,8,별내(삼육대학교),37.642221,127.127208
01,수도권,코레일,경춘,9,퇴계원,37.648316,127.143858
01,수도권,코레일,경춘,10,사릉,37.651145,127.176839
01,수도권,코레일,경춘,11,금곡,37.637414,127.207931
01,수도권,코레일,경춘,12,평내호평,37.653229,127.244452
01,수도권,코레일,경춘,13,천마산,37.658995,127.285731
01,수도권,코레일,경춘,14,마석,37.652328,127.311713
01,수도권,코레일,경춘,15,대성리,37.683909,127.379165
01,수도권,코레일,경춘,16,청평,37.735484,127.426541
01,수도권,코레일,경춘,17,상천(호명호수),37.770305,127.4542
01,수도권,코레일,경춘,18,가평(자라섬.남이섬),37.814515,127.510693
01,수도권,코레일,경춘,19,굴봉산(제이드가든),37.832086,127.557732
01,수도권,코레일,경춘,20,백양리(엘리시안강촌),37.830881,127.589085
01,수도권,코레일,경춘,21,강촌,37.805728,127.634054
01,수도권,코레일,경춘,22,김유정,37.818475,127.714302
01,수도권,코레일,경춘,23,남춘천(강원대),37.864071,127.723761
01,수도권,코레일,경춘,24,춘천(한림대),37.884391,127.716603
01,수도권,코레일,경의중앙,1,도라산,37.898639,126.7098703
01,수도권,코레일,경의중앙,2,임진강,37.888364,126.746777
01,수도권,코레일,경의중앙,3,운천,37.880008,126.769713
01,수도권,코레일,경의중앙,4,문산,37.854565,126.787531
01,수도권,코레일,경의중앙,5,파주(두원대학),37.815391,126.792426
01,수도권,코레일,경의중앙,6,월롱(서영대학교),37.796201,126.792574
01,수도권,코레일,경의중앙,7,금촌,37.766106,126.774515
01,수도권,코레일,경의중앙,8,금릉,37.751295,126.765401
01,수도권,코레일,경의중앙,9,운정,37.725441,126.767076
01,수도권,코레일,경의중앙,10,야당,37.712749,126.761535
01,수도권,코레일,경의중앙,11,탄현,37.694114,126.761075
01,수도권,코레일,경의중앙,12,일산,37.682231,126.769521
01,수도권,코레일,경의중앙,13,풍산,37.672173,126.786355
01,수도권,코레일,경의중앙,14,백마,37.658346,126.794401
01,수도권,코레일,경의중앙,15,곡산,37.645729,126.801877
01,수도권,코레일,경의중앙,16,대곡,37.631629,126.810225
01,수도권,코레일,경의중앙,17,능곡,37.618741,126.820845
01,수도권,코레일,경의중앙,18,행신,37.612125,126.834063
01,수도권,코레일,경의중앙,19,강매,37.612396,126.844537
01,수도권,코레일,경의중앙,20,한국항공대,37.603102,126.868291
01,수도권,코레일,경의중앙,21,수색,37.580855,126.895681
01,수도권,코레일,경의중앙,21,신촌,37.559768,126.942308
01,수도권,코레일,경의중앙,22,디지털미디어시티,37.577964,126.900421
01,수도권,코레일,경의중앙,22,서울역,37.556713,126.971387
01,수도권,코레일,경의중앙,23,가좌,37.568611,126.914841
01,수도권,코레일,경의중앙,24,홍대입구,37.55758,126.926833
01,수도권,코레일,경의중앙,25,서강대,37.552132,126.935389
01,수도권,코레일,경의중앙,26,공덕,37.542611,126.952134
01,수도권,코레일,경의중앙,27,효창공원앞,37.538789,126.962339
01,수도권,코레일,경의중앙,28,용산,37.52989,126.964775
01,수도권,코레일,경의중앙,29,이촌,37.522476,126.973816
01,수도권,코레일,경의중앙,30,서빙고,37.51961,126.988358
01,수도권,코레일,경의중앙,31,한남,37.529361,127.008984
01,수도권,코레일,경의중앙,32,옥수,37.540514,127.018698
01,수도권,코레일,경의중앙,33,응봉,37.550433,127.034824
01,수도권,코레일,경의중앙,34,왕십리,37.561728,127.038405
01,수도권,코레일,경의중앙,35,청량리,37.580043,127.047588
01,수도권,코레일,경의중앙,36,회기,37.589802,127.057936
01,수도권,코레일,경의중앙,37,중랑,37.594948,127.076152
01,수도권,코레일,경의중앙,38,상봉,37.596754,127.085553
01,수도권,코레일,경의중앙,39,망우,37.599288,127.092318
01,수도권,코레일,경의중앙,40,양원(서울시북부병원),37.6065818,127.1079346
01,수도권,코레일,경의중앙,41,구리,37.60326,127.143373
01,수도권,코레일,경의중앙,42,도농,37.608756,127.161105
01,수도권,코레일,경의중앙,43,양정,37.604269,127.194602
01,수도권,코레일,경의중앙,44,덕소,37.586892,127.208835
01,수도권,코레일,경의중앙,45,도심,37.579628,127.222798
01,수도권,코레일,경의중앙,46,팔당,37.547321,127.243896
01,수도권,코레일,경의중앙,47,운길산,37.554659,127.310089
01,수도권,코레일,경의중앙,48,양수,37.545998,127.328948
01,수도권,코레일,경의중앙,49,신원,37.525921,127.372745
01,수도권,코레일,경의중앙,50,국수,37.516171,127.399402
01,수도권,코레일,경의중앙,51,아신(아세아연합신학대),37.513954,127.443238
01,수도권,코레일,경의중앙,52,오빈,37.506061,127.474053
01,수도권,코레일,경의중앙,53,양평,37.492674,127.491858
01,수도권,코레일,경의중앙,54,원덕(추읍산),37.468585,127.547468
01,수도권,코레일,경의중앙,55,용문,37.482085,127.594251
01,수도권,코레일,경의중앙,56,지평,37.476496,127.629681
01,수도권,코레일,경강,1,판교(판교테크노밸리),37.394798,127.111135
01,수도권,코레일,경강,2,성남,37.394709,127.11949
01,수도권,코레일,경강,3,이매,37.394736,127.127048
01,수도권,코레일,경강,4,삼동,37.408731,127.203447
01,수도권,코레일,경강,5,경기광주,37.398974,127.253201
01,수도권,코레일,경강,6,초월,37.373389,127.299996
01,수도권,코레일,경강,7,곤지암,37.350525,127.346186
01,수도권,코레일,경강,8,신둔도예촌,37.315499,127.405251
01,수도권,코레일,경강,9,이천,37.264222,127.442135
01,수도권,코레일,경강,10,부발,37.260411,127.490303
01,수도권,코레일,경강,11,세종대왕릉,37.293636,127.570764
01,수도권,코레일,경강,12,여주,37.282881,127.628571
01,수도권,코레일,서해선,1,일산,37.682231,126.769521
01,수도권,코레일,서해선,2,풍산,37.672173,126.786355
01,수도권,코레일,서해선,3,백마,37.658346,126.794401
01,수도권,코레일,서해선,4,곡산,37.645729,126.801877
01,수도권,코레일,서해선,5,대곡,37.631629,126.809802
01,수도권,코레일,서해선,6,능곡,37.618741,126.820845
01,수도권,코레일,서해선,7,김포공항역,37.5621179,126.804056
01,수도권,코레일,서해선,9,부천종합운동장역,37.505852,126.797498
02,부산,코레일,동해,1,부전,35.164668,129.06011
02,부산,코레일,동해,2,거제해맞이,35.181197,129.069015
02,부산,코레일,동해,3,거제(법원.검찰청),35.18958,129.074385
02,부산,코레일,동해,4,교대,35.1938,129.07958
02,부산,코레일,동해,5,동래,35.204714,129.0773502
02,부산,코레일,동해,6,안락,35.196007,129.101062
02,부산,코레일,동해,7,부산원동,35.1938,129.113709
02,부산,코레일,동해,8,재송,35.188,129.120109
02,부산,코레일,동해,9,센텀,35.1793,129.1245
02,부산,코레일,동해,10,벡스코,35.1717,129.135958
02,부산,코레일,동해,11,신해운대,35.181832,129.176696
02,부산,코레일,동해,12,송정,35.187832,129.202069
02,부산,코레일,동해,13,오시리아,35.196256,129.208291
02,부산,코레일,동해,14,기장,35.244627,129.2188951
02,부산,코레일,동해,15,일광,35.2675565,129.2330307
02,부산,코레일,동해,16,좌천,35.311838,129.245197
02,부산,코레일,동해,17,월내,35.328177,129.276626
02,부산,코레일,동해,18,서생,35.346121,129.29304
02,부산,코레일,동해,19,남창,35.419713,129.28223
02,부산,코레일,동해,20,망양,35.456519,129.287856
02,부산,코레일,동해,21,덕하,35.494007,129.303094
02,부산,코레일,동해,22,개운포,35.507884,129.321097
02,부산,코레일,동해,23,태화강,35.538669,129.353269
03,대구,코레일,대경선,1,경산,35.8192,128.7276
03,대구,코레일,대경선,2,동대구역,35.8791,128.628652
03,대구,코레일,대경선,3,대구역,35.876,128.5961
03,대구,코레일,대경선,4,서대구역,35.881734,128.540121
03,대구,코레일,대경선,5,왜관,35.991821,128.400391
03,대구,코레일,대경선,6,사곡,36.098508,128.356416
03,대구,코레일,대경선,7,구미,36.1282,128.331
01,수도권,남양주도시공사,4호선,1,진접,37.720472,127.203167
01,수도권,남양주도시공사,4호선,2,오남,37.7054056,127.191644
01,수도권,남양주도시공사,4호선,3,별내별가람,37.667833,127.116167
01,수도권,남양주도시공사,8호선,1,별내,37.642517,127.1273
01,수도권,남양주도시공사,8호선,2,다산,37.62437,127.1498
01,수도권,서울교통공사,1호선,28,청량리(서울시립대입구),37.580148,127.045063
01,수도권,서울교통공사,1호선,29,제기동,37.578116,127.034902
01,수도권,서울교통공사,1호선,30,신설동,37.576117,127.02471
01,수도권,서울교통공사,1호선,31,동묘앞,37.573265,127.016459
01,수도권,서울교통공사,1호선,32,동대문,37.571646,127.01069
01,수도권,서울교통공사,1호선,33,종로5가,37.570971,127.0019
01,수도권,서울교통공사,1호선,34,종로3가,37.570429,126.992095
01,수도권,서울교통공사,1호선,35,종각,37.570203,126.983116
01,수도권,서울교통공사,1호선,36,시청,37.565211,126.977207
01,수도권,서울교통공사,1호선,37,서울역,37.55585,126.972103
01,수도권,서울교통공사,2호선,1,시청,37.563534,126.975271
01,수도권,서울교통공사,2호선,2,충정로(경기대입구),37.559742,126.964455
01,수도권,서울교통공사,2호선,3,아현,37.557407,126.956079
01,수도권,서울교통공사,2호선,4,이대,37.556734,126.945897
01,수도권,서울교통공사,2호선,5,신촌,37.555153,126.93689
01,수도권,서울교통공사,2호선,6,홍대입구,37.556748,126.923643
01,수도권,서울교통공사,2호선,7,합정,37.550025,126.914557
01,수도권,서울교통공사,2호선,8,당산,37.534807,126.902611
01,수도권,서울교통공사,2호선,9,영등포구청,37.525766,126.896627
01,수도권,서울교통공사,2호선,10,문래,37.517993,126.894766
01,수도권,서울교통공사,2호선,11,신도림,37.508815,126.891222
01,수도권,서울교통공사,2호선,12,대림(구로구청),37.4932826,126.8949793
01,수도권,서울교통공사,2호선,12,도림천,37.5145589,126.882586
01,수도권,서울교통공사,2호선,13,구로디지털단지,37.4852931,126.901456
01,수도권,서울교통공사,2호선,13,양천구청,37.5123294,126.865593
01,수도권,서울교통공사,2호선,14,신대방,37.487604,126.913479
01,수도권,서울교통공사,2호선,14,신정네거리,37.520218,126.852849
01,수도권,서울교통공사,2호선,15,까치산,37.53221,126.846466
01,수도권,서울교통공사,2호선,15,신림,37.484216,126.929573
01,수도권,서울교통공사,2호선,16,봉천,37.482416,126.941696
01,수도권,서울교통공사,2호선,17,서울대입구(관악구청),37.481233,126.952745
01,수도권,서울교통공사,2호선,18,낙성대,37.47713,126.963583
01,수도권,서울교통공사,2호선,19,사당,37.476536,126.981631
01,수도권,서울교통공사,2호선,20,방배,37.481469,126.997627
01,수도권,서울교통공사,2호선,21,서초,37.49191,127.007685
01,수도권,서울교통공사,2호선,22,교대(법원.검찰청),37.493957,127.014431
01,수도권,서울교통공사,2호선,23,강남,37.49805,127.02795
01,수도권,서울교통공사,2호선,24,역삼,37.500658,127.03643
01,수도권,서울교통공사,2호선,25,선릉,37.504477,127.048974
01,수도권,서울교통공사,2호선,26,삼성(무역센터),37.508827,127.063203
01,수도권,서울교통공사,2호선,27,종합운동장,37.511128,127.073841
01,수도권,서울교통공사,2호선,28,잠실새내,37.511653,127.086224
01,수도권,서울교통공사,2호선,29,잠실(송파구청),37.513305,127.100129
01,수도권,서울교통공사,2호선,30,잠실나루,37.520688,127.103836
01,수도권,서울교통공사,2호선,31,강변(동서울터미널),37.535161,127.094684
01,수도권,서울교통공사,2호선,32,구의(광진구청),37.537157,127.0862124
01,수도권,서울교통공사,2호선,33,건대입구,37.540408,127.069231
01,수도권,서울교통공사,2호선,34,성수,37.544628,127.055983
01,수도권,서울교통공사,2호선,35,뚝섬,37.54718,127.047413
01,수도권,서울교통공사,2호선,35,용답,37.562066,127.0508786
01,수도권,서울교통공사,2호선,36,신답,37.569847,127.047048
01,수도권,서울교통공사,2호선,36,한양대,37.555758,127.0436594
01,수도권,서울교통공사,2호선,37,왕십리,37.561289,127.0370615
01,수도권,서울교통공사,2호선,37,용두(동대문구청),37.574012,127.03811
01,수도권,서울교통공사,2호선,38,상왕십리,37.564444,127.029322
01,수도권,서울교통공사,2호선,38,신설동,37.574653,127.025158
01,수도권,서울교통공사,2호선,39,신당,37.565675,127.0194259
01,수도권,서울교통공사,2호선,40,동대문역사문화공원,37.565609,127.009083
01,수도권,서울교통공사,2호선,41,을지로4가,37.566611,126.997622
01,수도권,서울교통공사,2호선,42,을지로3가,37.566292,126.990873
01,수도권,서울교통공사,2호선,43,을지로입구,37.565998,126.982569
01,수도권,서울교통공사,3호선,11,지축,37.648151,126.913751
01,수도권,서울교통공사,3호선,12,구파발,37.636612,126.918827
01,수도권,서울교통공사,3호선,13,연신내,37.619295,126.920959
01,수도권,서울교통공사,3호선,14,불광,37.610154,126.930183
01,수도권,서울교통공사,3호선,15,녹번,37.600882,126.935758
01,수도권,서울교통공사,3호선,16,홍제,37.588851,126.944092
01,수도권,서울교통공사,3호선,17,무악재,37.582658,126.950131
01,수도권,서울교통공사,3호선,18,독립문,37.574534,126.957902
01,수도권,서울교통공사,3호선,19,경복궁(정부서울청사),37.575844,126.973576
01,수도권,서울교통공사,3호선,20,안국,37.576562,126.98547
01,수도권,서울교통공사,3호선,21,종로3가,37.571537,126.991837
01,수도권,서울교통공사,3호선,22,을지로3가,37.566299,126.992616
01,수도권,서울교통공사,3호선,23,충무로,37.561382,126.994173
01,수도권,서울교통공사,3호선,24,동대입구,37.55906,127.005273
01,수도권,서울교통공사,3호선,25,약수,37.554554,127.010858
01,수도권,서울교통공사,3호선,26,금호,37.548269,127.015785
01,수도권,서울교통공사,3호선,27,옥수,37.541653,127.017303
01,수도권,서울교통공사,3호선,28,압구정,37.526169,127.028502
01,수도권,서울교통공사,3호선,29,신사,37.516438,127.020247
01,수도권,서울교통공사,3호선,30,잠원,37.512989,127.011613
01,수도권,서울교통공사,3호선,31,고속터미널,37.504953,127.004916
01,수도권,서울교통공사,3호선,32,교대(법원.검찰청),37.49306,127.013796
01,수도권,서울교통공사,3호선,33,남부터미널(예술의전당),37.48494,127.016289
01,수도권,서울교통공사,3호선,34,양재(서초구청),37.48458,127.03423
01,수도권,서울교통공사,3호선,35,매봉,37.487114,127.046907
01,수도권,서울교통공사,3호선,36,도곡,37.491129,127.055694
01,수도권,서울교통공사,3호선,37,대치,37.494601,127.063449
01,수도권,서울교통공사,3호선,38,학여울,37.496787,127.0708601
01,수도권,서울교통공사,3호선,39,대청,37.493607,127.079526
01,수도권,서울교통공사,3호선,40,일원,37.48389,127.08416
01,수도권,서울교통공사,3호선,41,수서,37.4875,127.101924
01,수도권,서울교통공사,3호선,42,가락시장,37.492318,127.1177
01,수도권,서울교통공사,3호선,43,경찰병원,37.495754,127.124198
01,수도권,서울교통공사,3호선,44,오금,37.502288,127.128344
01,수도권,서울교통공사,4호선,4,불암산(당고개),37.67009,127.079004
01,수도권,서울교통공사,4호선,5,상계,37.660576,127.073199
01,수도권,서울교통공사,4호선,6,노원,37.656274,127.063183
01,수도권,서울교통공사,4호선,7,창동,37.653315,127.048304
01,수도권,서울교통공사,4호선,8,쌍문,37.648274,127.034381
01,수도권,서울교통공사,4호선,9,수유(강북구청),37.637727,127.025371
01,수도권,서울교통공사,4호선,10,미아,37.626435,127.026151
01,수도권,서울교통공사,4호선,11,미아사거리,37.613276,127.030083
01,수도권,서울교통공사,4호선,12,길음,37.603387,127.025053
01,수도권,서울교통공사,4호선,13,성신여대입구(돈암),37.592882,127.016908
01,수도권,서울교통공사,4호선,14,한성대입구(삼선교),37.58838,127.005951
01,수도권,서울교통공사,4호선,15,혜화,37.582116,127.001929
01,수도권,서울교통공사,4호선,16,동대문,37.57099,127.00925
01,수도권,서울교통공사,4호선,17,동대문역사문화공원,37.565141,127.007808
01,수도권,서울교통공사,4호선,18,충무로,37.561352,126.994573
01,수도권,서울교통공사,4호선,19,명동,37.560955,126.986271
01,수도권,서울교통공사,4호선,20,회현(남대문시장),37.558698,126.978346
01,수도권,서울교통공사,4호선,21,서울역,37.553172,126.972706
01,수도권,서울교통공사,4호선,22,숙대입구(갈월),37.5447834,126.9721
01,수도권,서울교통공사,4호선,23,삼각지,37.534457,126.972992
01,수도권,서울교통공사,4호선,24,신용산,37.52919,126.96858
01,수도권,서울교통공사,4호선,25,이촌(국립중앙박물관),37.52919,126.9679818
01,수도권,서울교통공사,4호선,26,동작(현충원),37.503567,126.980171
01,수도권,서울교통공사,4호선,27,총신대입구(이수),37.487521,126.982309
01,수도권,서울교통공사,4호선,28,사당,37.476263,126.981636
01,수도권,서울교통공사,4호선,29,남태령,37.464339,126.989081
01,수도권,서울교통공사,5호선,1,방화,37.577669,126.812822
01,수도권,서울교통공사,5호선,2,개화산,37.572458,126.806838
01,수도권,서울교통공사,5호선,3,김포공항,37.56217,126.801273
01,수도권,서울교통공사,5호선,4,송정,37.561201,126.812052
01,수도권,서울교통공사,5호선,5,마곡,37.55865,126.837693
01,수도권,서울교통공사,5호선,6,발산,37.562182,126.82693
01,수도권,서울교통공사,5호선,7,우장산,37.548864,126.83633
01,수도권,서울교통공사,5호선,8,화곡,37.541585,126.840436
01,수도권,서울교통공사,5호선,9,까치산,37.53221,126.846466
01,수도권,서울교통공사,5호선,10,신정(은행정),37.525001,126.856176
01,수도권,서울교통공사,5호선,11,목동,37.526088,126.864296
01,수도권,서울교통공사,5호선,12,오목교(목동운동장앞),37.524557,126.875049
01,수도권,서울교통공사,5호선,13,양평,37.525614,126.886177
01,수도권,서울교통공사,5호선,14,영등포구청,37.524209,126.895022
01,수도권,서울교통공사,5호선,15,영등포시장,37.52276,126.905143
01,수도권,서울교통공사,5호선,16,신길,37.51763,126.914886
01,수도권,서울교통공사,5호선,17,여의도,37.521678,126.924318
01,수도권,서울교통공사,5호선,18,여의나루,37.527045,126.932807
01,수도권,서울교통공사,5호선,19,마포,37.539718,126.946043
01,수도권,서울교통공사,5호선,20,공덕,37.544005,126.951058
01,수도권,서울교통공사,5호선,21,애오개,37.553592,126.956733
01,수도권,서울교통공사,5호선,22,충정로(경기대입구),37.560061,126.962783
01,수도권,서울교통공사,5호선,23,서대문,37.565812,126.966639
01,수도권,서울교통공사,5호선,24,광화문(세종문화회관),37.571645,126.976568
01,수도권,서울교통공사,5호선,25,종로3가(탑골공원),37.572546,126.990447
01,수도권,서울교통공사,5호선,26,을지로4가,37.56728,126.998127
01,수도권,서울교통공사,5호선,27,동대문역사문화공원,37.564682,127.00533
01,수도권,서울교통공사,5호선,28,청구,37.560237,127.01379
01,수도권,서울교통공사,5호선,29,신금호,37.554504,127.020403
01,수도권,서울교통공사,5호선,30,행당,37.557297,127.029482
01,수도권,서울교통공사,5호선,31,왕십리,37.56197,127.037264
01,수도권,서울교통공사,5호선,32,마장,37.566066,127.042921
01,수도권,서울교통공사,5호선,33,답십리,37.566833,127.05266
01,수도권,서울교통공사,5호선,34,장한평,37.561438,127.064601
01,수도권,서울교통공사,5호선,35,군자(능동),37.557102,127.079559
01,수도권,서울교통공사,5호선,36,아차산(어린이대공원후문),37.552005,127.089609
01,수도권,서울교통공사,5호선,37,광나루(장신대),37.545301,127.103478
01,수도권,서울교통공사,5호선,38,천호(풍납토성),37.538566,127.123539
01,수도권,서울교통공사,5호선,39,강동,37.53581,127.13249
01,수도권,서울교통공사,5호선,40,길동,37.538022,127.140085
01,수도권,서울교통공사,5호선,40,둔촌동,37.527787,127.136219
01,수도권,서울교통공사,5호선,41,굽은다리(강동구민회관앞),37.545442,127.142844
01,수도권,서울교통공사,5호선,41,올림픽공원(한국체대),37.516217,127.130957
01,수도권,서울교통공사,5호선,42,명일,37.551317,127.144002
01,수도권,서울교통공사,5호선,42,방이,37.508752,127.126054
01,수도권,서울교통공사,5호선,43,고덕,37.555002,127.154214
01,수도권,서울교통공사,5호선,43,오금,37.502228,127.127701
01,수도권,서울교통공사,5호선,44,개롱,37.498097,127.134817
01,수도권,서울교통공사,5호선,44,상일동,37.556714,127.166381
01,수도권,서울교통공사,5호선,45,강일,37.557521,127.176018
01,수도권,서울교통공사,5호선,45,거여,37.493208,127.143983
01,수도권,서울교통공사,5호선,46,마천,37.494972,127.152784
01,수도권,서울교통공사,5호선,46,미사,37.56309,127.192954
01,수도권,서울교통공사,5호선,47,하남풍산,37.552201,127.203897
01,수도권,서울교통공사,5호선,49,하남시청(덕풍.신장),37.541723,127.206901
01,수도권,서울교통공사,5호선,50,하남검단산역,37.539729,127.223427
01,수도권,서울교통공사,6호선,1,응암,37.59859,126.915583
01,수도권,서울교통공사,6호선,2,역촌,37.60605,126.922764
01,수도권,서울교통공사,6호선,3,불광,37.610919,126.929504
01,수도권,서울교통공사,6호선,4,독바위,37.618413,126.933035
01,수도권,서울교통공사,6호선,5,연신내,37.618483,126.920403
01,수도권,서울교통공사,6호선,6,구산,37.611196,126.9172519
01,수도권,서울교통공사,6호선,7,새절(신사),37.591148,126.913613
01,수도권,서울교통공사,6호선,8,증산(명지대앞),37.583989,126.909785
01,수도권,서울교통공사,6호선,9,디지털미디어시티,37.5760805,126.901343
01,수도권,서울교통공사,6호선,10,월드컵경기장(성산),37.569439,126.899077
01,수도권,서울교통공사,6호선,11,마포구청,37.563529,126.903356
01,수도권,서울교통공사,6호선,12,망원,37.556031,126.910129
01,수도권,서울교통공사,6호선,13,합정,37.549033,126.913546
01,수도권,서울교통공사,6호선,14,상수,37.547704,126.92292
01,수도권,서울교통공사,6호선,15,광흥창(서강),37.547464,126.931971
01,수도권,서울교통공사,6호선,16,대흥(서강대앞),37.547732,126.942214
01,수도권,서울교통공사,6호선,17,공덕,37.543592,126.951664
01,수도권,서울교통공사,6호선,18,효창공원앞,37.539279,126.961348
01,수도권,서울교통공사,6호선,19,삼각지,37.535563,126.973996
01,수도권,서울교통공사,6호선,20,녹사평(용산구청),37.53469,126.98665
01,수도권,서울교통공사,6호선,21,이태원,37.534485,126.994369
01,수도권,서울교통공사,6호선,22,한강진,37.53956,127.001729
01,수도권,서울교통공사,6호선,23,버티고개,37.547933,127.006948
01,수도권,서울교통공사,6호선,24,약수,37.554087,127.010237
01,수도권,서울교통공사,6호선,25,청구,37.560221,127.013776
01,수도권,서울교통공사,6호선,26,신당,37.566174,127.016158
01,수도권,서울교통공사,6호선,27,동묘앞,37.572275,127.015666
01,수도권,서울교통공사,6호선,28,창신,37.579772,127.015246
01,수도권,서울교통공사,6호선,29,보문,37.585293,127.019377
01,수도권,서울교통공사,6호선,30,안암(고대병원앞),37.586261,127.02903
01,수도권,서울교통공사,6호선,31,고려대(종암),37.59034,127.03626
01,수도권,서울교통공사,6호선,32,월곡(동덕여대),37.60192,127.041492
01,수도권,서울교통공사,6호선,33,상월곡(한국과학기술연구원),37.606392,127.048509
01,수도권,서울교통공사,6호선,34,돌곶이,37.610522,127.056419
01,수도권,서울교통공사,6호선,35,석계,37.614937,127.065922
01,수도권,서울교통공사,6호선,36,태릉입구,37.617319,127.074741
01,수도권,서울교통공사,6호선,37,화랑대(서울여대입구),37.619875,127.084106
01,수도권,서울교통공사,6호선,38,봉화산(서울의료원),37.617429,127.0912326
01,수도권,서울교통공사,6호선,39,신내,37.612571,127.104326
01,수도권,서울교통공사,7호선,1,장암,37.70015,127.053126
01,수도권,서울교통공사,7호선,2,도봉산,37.689131,127.046548
01,수도권,서울교통공사,7호선,3,수락산,37.677804,127.055314
01,수도권,서울교통공사,7호선,4,마들,37.664985,127.057701
01,수도권,서울교통공사,7호선,5,노원,37.654478,127.060555
01,수도권,서울교통공사,7호선,6,중계,37.645052,127.064084
01,수도권,서울교통공사,7호선,7,하계,37.636363,127.067999
01,수도권,서울교통공사,7호선,8,공릉(서울과학기술대),37.625642,127.072969
01,수도권,서울교통공사,7호선,9,태릉입구,37.618519,127.075361
01,수도권,서울교통공사,7호선,10,먹골,37.610638,127.077719
01,수도권,서울교통공사,7호선,11,중화,37.602604,127.079254
01,수도권,서울교통공사,7호선,12,상봉(시외버스터미널),37.595673,127.085708
01,수도권,서울교통공사,7호선,13,면목,37.588671,127.087503
01,수도권,서울교통공사,7호선,14,사가정,37.580912,127.088502
01,수도권,서울교통공사,7호선,15,용마산,37.573752,127.086802
01,수도권,서울교통공사,7호선,16,중곡,37.565877,127.084291
01,수도권,서울교통공사,7호선,17,군자(능동),37.557151,127.079484
01,수도권,서울교통공사,7호선,18,어린이대공원(세종대),37.547962,127.07465
01,수도권,서울교통공사,7호선,19,건대입구,37.540882,127.071103
01,수도권,서울교통공사,7호선,20,자양(뚝섬한강공원),37.531558,127.066714
01,수도권,서울교통공사,7호선,21,청담,37.519097,127.051851
01,수도권,서울교통공사,7호선,22,강남구청,37.517185,127.04122
01,수도권,서울교통공사,7호선,23,학동,37.514262,127.031738
01,수도권,서울교통공사,7호선,24,논현,37.511108,127.021385
01,수도권,서울교통공사,7호선,25,반포,37.508171,127.011717
01,수도권,서울교통공사,7호선,26,고속터미널,37.503387,127.005055
01,수도권,서울교통공사,7호선,27,내방,37.48764,126.993541
01,수도권,서울교통공사,7호선,28,총신대입구(이수),37.487521,126.982309
01,수도권,서울교통공사,7호선,29,남성,37.484688,126.971108
01,수도권,서울교통공사,7호선,30,숭실대입구(살피재),37.496258,126.953649
01,수도권,서울교통공사,7호선,31,상도,37.50279,126.947949
01,수도권,서울교통공사,7호선,32,장승배기,37.504845,126.939025
01,수도권,서울교통공사,7호선,33,신대방삼거리,37.499717,126.928218
01,수도권,서울교통공사,7호선,34,보라매,37.499916,126.920112
01,수도권,서울교통공사,7호선,35,신풍,37.500107,126.909806
01,수도권,서울교통공사,7호선,36,대림(구로구청),37.492984,126.896997
01,수도권,서울교통공사,7호선,37,남구로,37.486181,126.887372
01,수도권,서울교통공사,7호선,38,가산디지털단지,37.480376,126.882704
01,수도권,서울교통공사,7호선,39,철산,37.47616,126.868217
01,수도권,서울교통공사,7호선,40,광명사거리,37.47927,126.854854
01,수도권,서울교통공사,7호선,41,천왕,37.486699,126.838684
01,수도권,서울교통공사,7호선,42,온수(성공회대입구),37.492059,126.823294
01,수도권,서울교통공사,8호선,6,암사역사공원,37.557167,127.137556
01,수도권,서울교통공사,8호선,7,암사,37.550127,127.127521
01,수도권,서울교통공사,8호선,8,천호(풍납토성),37.53792,127.123179
01,수도권,서울교통공사,8호선,9,강동구청,37.530348,127.120461
01,수도권,서울교통공사,8호선,10,몽촌토성(평화의문),37.517692,127.11274
01,수도권,서울교통공사,8호선,11,잠실(송파구청),37.514649,127.104267
01,수도권,서울교통공사,8호선,12,석촌,37.505396,127.106995
01,수도권,서울교통공사,8호선,13,송파,37.49978,127.11212
01,수도권,서울교통공사,8호선,14,가락시장,37.493004,127.118279
01,수도권,서울교통공사,8호선,15,문정,37.485931,127.122473
01,수도권,서울교통공사,8호선,16,장지,37.478609,127.126229
01,수도권,서울교통공사,8호선,17,복정,37.471016,127.126746
01,수도권,서울교통공사,8호선,18,남위례,37.462839,127.139047
01,수도권,서울교통공사,8호선,19,산성,37.456886,127.149927
01,수도권,서울교통공사,8호선,20,남한산성입구(성남법원.검찰청),37.451568,127.159845
01,수도권,서울교통공사,8호선,21,단대오거리,37.445057,127.156735
01,수도권,서울교통공사,8호선,22,신흥,37.440952,127.14759
01,수도권,서울교통공사,8호선,23,수진,37.437575,127.140936
01,수도권,서울교통공사,8호선,24,모란,37.433988,127.129921
01,수도권,서울시메트로9호선주식회사,9호선,1,개화,37.578611,126.798333
01,수도권,서울시메트로9호선주식회사,9호선,2,김포공항,37.562056,126.801633
01,수도권,서울시메트로9호선주식회사,9호선,3,공항시장,37.563611,126.810278
01,수도권,서울시메트로9호선주식회사,9호선,4,신방화,37.5675,126.816667
01,수도권,서울시메트로9호선주식회사,9호선,5,마곡나루,37.566717,126.8276071
01,수도권,서울시메트로9호선주식회사,9호선,6,양천향교,37.568333,126.841389
01,수도권,서울시메트로9호선주식회사,9호선,7,가양,37.561111,126.855078
01,수도권,서울시메트로9호선주식회사,9호선,8,증미,37.55785,126.861067
01,수도권,서울시메트로9호선주식회사,9호선,9,등촌,37.551111,126.864722
01,수도권,서울시메트로9호선주식회사,9호선,10,염창,37.546944,126.874722
01,수도권,서울시메트로9호선주식회사,9호선,11,신목동,37.544167,126.883056
01,수도권,서울시메트로9호선주식회사,9호선,12,선유도,37.537778,126.893889
01,수도권,서울시메트로9호선주식회사,9호선,13,당산,37.533844,126.902222
01,수도권,서울시메트로9호선주식회사,9호선,14,국회의사당,37.528611,126.9175
01,수도권,서울시메트로9호선주식회사,9호선,15,여의도,37.521744,126.924167
01,수도권,서울시메트로9호선주식회사,9호선,16,샛강,37.5173,126.9284
01,수도권,서울시메트로9호선주식회사,9호선,17,노량진,37.513667,126.940917
01,수도권,서울시메트로9호선주식회사,9호선,18,노들,37.512726,126.953096
01,수도권,서울시메트로9호선주식회사,9호선,19,흑석(중앙대입구),37.508889,126.963611
01,수도권,서울시메트로9호선주식회사,9호선,20,동작(현충원),37.502878,126.978278
01,수도권,서울시메트로9호선주식회사,9호선,21,구반포,37.501389,126.987222
01,수도권,서울시메트로9호선주식회사,9호선,22,신반포,37.50358,126.99643
01,수도권,서울시메트로9호선주식회사,9호선,23,고속터미널,37.505933,127.004044
01,수도권,서울시메트로9호선주식회사,9호선,24,사평,37.504161,127.015219
01,수도권,서울시메트로9호선주식회사,9호선,25,신논현,37.504444,127.024417
01,수도권,서울시메트로9호선주식회사,9호선,26,언주,37.507287,127.033868
01,수도권,서울시메트로9호선주식회사,9호선,27,선정릉,37.51028,127.0437593
01,수도권,서울시메트로9호선주식회사,9호선,28,삼성중앙,37.513011,127.053282
01,수도권,서울시메트로9호선주식회사,9호선,29,봉은사,37.514219,127.060245
01,수도권,서울시메트로9호선주식회사,9호선,30,종합운동장,37.511156,127.076917
01,수도권,서울시메트로9호선주식회사,9호선,31,삼전,37.504531,127.087211
01,수도권,서울시메트로9호선주식회사,9호선,32,석촌고분,37.502439,127.096611
01,수도권,서울시메트로9호선주식회사,9호선,33,석촌,37.505078,127.106944
01,수도권,서울시메트로9호선주식회사,9호선,34,송파나루,37.51055,127.112451
01,수도권,서울시메트로9호선주식회사,9호선,35,한성백제,37.516369,127.116211
01,수도권,서울시메트로9호선주식회사,9호선,36,올림픽공원(한국체대),37.516111,127.130333
01,수도권,서울시메트로9호선주식회사,9호선,37,둔촌오륜,37.519339,127.138619
01,수도권,서울시메트로9호선주식회사,9호선,38,중앙보훈병원,37.528807,127.148488
01,수도권,남서울경전철주식회사,신림선,1,샛강,37.51721994,126.929404
01,수도권,남서울경전철주식회사,신림선,2,대방,37.51284017,126.9253168
01,수도권,남서울경전철주식회사,신림선,3,서울지방병무청,37.50604687,126.9227834
01,수도권,남서울경전철주식회사,신림선,4,보라매,37.50031271,126.9204859
01,수도권,남서울경전철주식회사,신림선,5,보라매공원,37.49522541,126.9182588
01,수도권,남서울경전철주식회사,신림선,6,보라매병원,37.4929607,126.923886
01,수도권,남서울경전철주식회사,신림선,7,당곡,37.49003911,126.9275688
01,수도권,남서울경전철주식회사,신림선,8,신림,37.48489076,126.9296099
01,수도권,남서울경전철주식회사,신림선,9,서원,37.47827336,126.9332282
01,수도권,남서울경전철주식회사,신림선,10,서울대벤처타운,37.47204068,126.9339766
01,수도권,남서울경전철주식회사,신림선,11,관악산(서울대),37.46916896,126.9449548
01,수도권,주식회사 SR,GTX-A,1,동탄,37.2003594,127.0955764
01,수도권,서해철도주식회사,서해선,10,소사,37.482755,126.7950654
01,수도권,서해철도주식회사,서해선,11,소새울,37.4685046,126.797228
01,수도권,서해철도주식회사,서해선,12,시흥대야,37.4504787,126.793142
01,수도권,서해철도주식회사,서해선,13,신천,37.4391147,126.786835
01,수도권,서해철도주식회사,서해선,14,신현,37.4091399,126.78788
01,수도권,서해철도주식회사,서해선,15,시흥시청,37.3814109,126.805946
01,수도권,서해철도주식회사,서해선,16,시흥능곡,37.3699903,126.808594
01,수도권,서해철도주식회사,서해선,17,달미,37.3490003,126.809318
01,수도권,서해철도주식회사,서해선,18,선부,37.33459,126.81
01,수도권,서해철도주식회사,서해선,19,초지,37.320083,126.808051
01,수도권,서해철도주식회사,서해선,20,시우,37.3130967,126.795503
01,수도권,서해철도주식회사,서해선,21,원시,37.302654,126.7867897
01,수도권,우이신설경전철주식회사,우이신설,1,북한산우이,37.66284,127.01272
01,수도권,우이신설경전철주식회사,우이신설,2,솔밭공원,37.65607,127.01326
01,수도권,우이신설경전철주식회사,우이신설,3,4.19민주묘지,37.64954,127.01371
01,수도권,우이신설경전철주식회사,우이신설,4,가오리,37.64162,127.01681
01,수도권,우이신설경전철주식회사,우이신설,5,화계,37.63428,127.0175
01,수도권,우이신설경전철주식회사,우이신설,6,삼양,37.62706,127.01817
01,수도권,우이신설경전철주식회사,우이신설,7,삼양사거리,37.62144,127.02049
01,수도권,우이신설경전철주식회사,우이신설,8,솔샘,37.62037,127.01357
01,수도권,우이신설경전철주식회사,우이신설,9,북한산보국문,37.61233,127.00816
01,수도권,우이신설경전철주식회사,우이신설,10,정릉,37.60278,127.01345
01,수도권,우이신설경전철주식회사,우이신설,11,성신여대입구,37.59247,127.01656
01,수도권,우이신설경전철주식회사,우이신설,12,보문,37.58551,127.01939
01,수도권,우이신설경전철주식회사,우이신설,13,신설동,37.57659,127.023221
01,수도권,의정부경량전철주식회사,의정부,1,발곡,37.726983,127.052889
01,수도권,의정부경량전철주식회사,의정부,2,회룡,37.72505255,127.0467864
01,수도권,의정부경량전철주식회사,의정부,3,범골,37.7287279,127.0437202
01,수도권,의정부경량전철주식회사,의정부,4,경전철의정부,37.73729974,127.043321
01,수도권,의정부경량전철주식회사,의정부,5,의정부시청,37.73924874,127.034854
01,수도권,의정부경량전철주식회사,의정부,6,흥선,37.74322487,127.0371765
01,수도권,의정부경량전철주식회사,의정부,7,의정부중앙,37.74371903,127.0496332
01,수도권,의정부경량전철주식회사,의정부,8,동오,37.74519123,127.05703
01,수도권,의정부경량전철주식회사,의정부,9,새말,37.74889941,127.063869
01,수도권,의정부경량전철주식회사,의정부,10,경기도청북부청사,37.75073213,127.0714795
01,수도권,의정부경량전철주식회사,의정부,11,효자,37.75398452,127.0773155
01,수도권,의정부경량전철주식회사,의정부,12,곤제,37.75054343,127.0838651
01,수도권,의정부경량전철주식회사,의정부,13,어룡(용현산업단지),37.74272184,127.0852045
01,수도권,의정부경량전철주식회사,의정부,14,송산,37.7371698,127.0872755
01,수도권,의정부경량전철주식회사,의정부,15,탑석,37.73355362,127.0889064
